{
  "bubble": {
    "   1024": 0.07480525970458984,
    "   2048": 0.262941837310791,
    "   4096": 1.0283269882202148,
    "   8192": 4.177232265472412,
    "  16384": 16.542951345443726,
    "  32768": 70.66213035583496,
    "  65536": 275.05411291122437,
    " 131072": 1314.257217168808
  },
  "insertion_shifting": {
    "   1024": 0.039253950119018555,
    "   2048": 0.1423354148864746,
    "   4096": 0.5754415988922119,
    "   8192": 2.250699043273926,
    "  16384": 8.67969298362732,
    "  32768": 41.850483655929565,
    "  65536": 154.47651195526123,
    " 131072": 707.7353508472443
  },
  "insertion_swapping": {
    "   1024": 0.05398225784301758,
    "   2048": 0.18154335021972656,
    "   4096": 0.778733491897583,
    "   8192": 2.7889983654022217,
    "  16384": 11.35151195526123,
    "  32768": 48.59693384170532,
    "  65536": 208.19384789466858,
    " 131072": 1057.9347059726715
  },
  "merge": {
    "   1024": 0.0023119449615478516,
    "   2048": 0.004104137420654297,
    "   4096": 0.008575201034545898,
    "   8192": 0.017488718032836914,
    "  16384": 0.04795646667480469,
    "  32768": 0.09096217155456543,
    "  65536": 0.17463374137878418,
    " 131072": 0.36417722702026367
  },
  "selection": {
    "   1024": 0.03133082389831543,
    "   2048": 0.11318016052246094,
    "   4096": 0.4369673728942871,
    "   8192": 1.6736886501312256,
    "  16384": 6.635250091552734,
    "  32768": 30.97508931159973,
    "  65536": 113.57591366767883,
    " 131072": 541.6769070625305
  },
  "shell_using_shell_sequence": {
    "   1024": 0.005249738693237305,
    "   2048": 0.008315086364746094,
    "   4096": 0.026020050048828125,
    "   8192": 0.05320143699645996,
    "  16384": 0.1947031021118164,
    "  32768": 0.4634380340576172,
    "  65536": 1.789529800415039,
    " 131072": 3.1179354190826416
  },
  "shell_using_tokuda_sequence": {
    "   1024": 0.0022966861724853516,
    "   2048": 0.004121065139770508,
    "   4096": 0.014095067977905273,
    "   8192": 0.022548675537109375,
    "  16384": 0.05730700492858887,
    "  32768": 0.11136078834533691,
    "  65536": 0.22999906539916992,
    " 131072": 0.49309396743774414
  }
}